,Date_time,date_documented,Year,Month,Hour,Season,Country_Code,Country,Region,Locale,latitude,longitude,UFO_shape,length_of_encounter_seconds,Encounter_Duration,Description
120,2003-10-10 19:15:00,10/15/2003,2003,10,19,Autumn,USA,United States,Virginia,Centreville Farms,38.8402778,-77.4291667,Other,600.0,10 minutes,Aliens check out local high school football game.
258,2012-10-10 20:30:00,10/30/2012,2012,10,20,Autumn,USA,United States,California,San Jose,37.3394444,-121.8938889,Other,6.0,5-6 seconds,POSSIBLE ALIEN/HUMANOID SEEN RUNNING INTO HILLS
869,2008-10-01 00:24:00,10/31/2008,2008,10,0,Autumn,MYS,Malaysia,,Kuala Lumpur,3.139003,101.686855,Disk,300.0,5mins,A huge &quot;creature&quot; built up with a line of bright line with a red light at the middle top of it&#44 appears in the dark clear Malaysia sky&#33
1236,1996-10-13 06:00:00,1/28/1999,1996,10,6,Autumn,USA,United States,Florida,Gainesville,29.6513889,-82.325,Circle,2400.0,hour,ALIEN CONTACT THROUGH DREAMS
1483,1990-10-14 21:00:00,2/14/2008,1990,10,21,Autumn,USA,United States,Georgia,Reidsville,32.0866667,-82.1180556,Oval,240.0,4 minutes,The craft was oval shaped&#44 with lights rotating in the middle of it and a green alien with bulging black eyes.
1587,2006-10-14 02:00:00,4/27/2007,2006,10,2,Autumn,USA,United States,Virginia,Yuma,36.615,-82.6125,Formation,300.0,5 minutes,((HOAX??))  two aliens appeared from a bright light to peacefully investigate the surroundings in the woods
2968,2007-10-19 21:14:00,11/28/2007,2007,10,21,Autumn,USA,United States,Michigan,Clinton Township,42.586888,-82.919551,Disk,300.0,5 minutes,Silver Saucer Seen&#44 Also Heard &quot;Alien&quot; Type Noises
3051,2013-10-19 07:30:00,10/23/2013,2013,10,7,Autumn,USA,United States,Arizona,Prescott,34.54,-112.4677778,Oval,300.0,5 minutes,Portal to alien planet or Alien base uncovered.
3125,1992-10-20 02:00:00,3/17/2004,1992,10,2,Autumn,LTU,Lithuania,Kaunas County,Kaunas,54.898521,23.903597,Unknown,3600.0,1 hour,alien encounter [?] .. frog with antenna
3299,2009-10-20 12:59:00,12/12/2009,2009,10,12,Autumn,USA,United States,Connecticut,Falls Village,41.9558333,-73.3636111,Cigar,60.0,1 minute,ALIENS AT MY HIGH SCHOOL
3542,2011-10-21 23:45:00,10/25/2011,2011,10,23,Autumn,USA,United States,Kentucky,Florence,38.9988889,-84.6266667,Teardrop,300.0,5 minutes,I came into contact with these aliens&#44 and they took off as soon as they noticed me.
4891,2007-10-27 01:00:00,11/28/2007,2007,10,1,Autumn,USA,United States,Texas,League City,29.5072222,-95.0947222,Oval,420.0,around 7 miniutes,((HOAX??))  Riding down the road and weird object flying around road and then creature jumps out on  road.
5138,2009-10-28 19:30:00,6/3/2010,2009,10,19,Autumn,USA,United States,California,Santa Clarita,34.3916667,-118.5416667,Unknown,1200.0,20 minutes,I witness the teleportation of an alien spacecraft&#44 as well as the soarce of this technology in action.
5392,2012-10-29 10:30:00,12/20/2012,2012,10,10,Autumn,USA,United States,Rhode Island,Woonsocket,42.0027778,-71.5152778,,2.0,seconds,Unusual alien in the window - non grey.
5418,1970-10-30 03:00:00,4/4/2014,1970,10,3,Autumn,USA,United States,Texas,Corpus Christi,27.8002778,-97.3961111,Oval,600.0,10 minutes,Strange lights outside of bedroom window&#44 little aliens.
5678,1998-10-31 22:24:00,12/2/2000,1998,10,22,Autumn,CAN,Canada,Ontario,Brampton,43.683333,-79.766667,Circle,34.0,25-34 secs,On hallowe&#39en 1998 my friend Jessica and I seen a flying what seemed to  be an alien space craft that was there for NO longer than 35 s
6419,1977-10-05 22:00:00,4/16/2005,1977,10,22,Autumn,USA,United States,Ohio,Akron,41.0813889,-81.5191667,Cylinder,1800.0,30 min,I think I saw either an alien transport or God doing something wonderful.
6498,2006-10-05 10:30:00,6/12/2007,2006,10,10,Autumn,USA,United States,Florida,Lee County,26.62535,-81.624803,Other,15.0,15 seconds,Aliens on satilite T.V.?
6894,2004-10-07 12:45:00,10/27/2004,2004,10,12,Autumn,GBR,United Kingdom,England,Malmesbury,51.586357,-2.102834,Oval,60.0,1 min,Malmesbury Aliens in Somerfield Area
7003,1993-10-08 19:00:00,11/19/2012,1993,10,19,Autumn,LKA,Sri Lanka,Central Province,Ethgala,7.126777,80.564677,Light,3600.0,1 hour,We saw one red light and five strange creatures on the mountain top.
7276,2007-10-09 04:14:00,11/28/2007,2007,10,4,Autumn,USA,United States,Georgia,Buford,34.120656,-84.004351,Oval,300.0,5 minutes,First&#44 I would like to state that I have never believed in UFOs or aliens&#44 but what I saw this morning made me a believer.  At around 4
7399,2013-10-09 21:07:00,10/14/2013,2013,10,21,Autumn,USA,United States,Minnesota,Saint Cloud,45.5608333,-94.1622222,Circle,15.0,15 seconds,I believe in aliens is just not them coming to earth.  I swear this was an ufo.
8349,2005-11-01 00:30:00,10/10/2011,2005,11,0,Autumn,USA,United States,Alaska,Glennallen,62.1091667,-145.5463889,Unknown,12600.0,3.5 hrs.,((HOAX??))  Aliens and UFOs on Halloween night near HAARP&#33&#33&#33
8636,1994-11-12 12:00:00,10/12/2001,1994,11,12,Autumn,USA,United States,Alabama,Florence,34.8733333,-87.6233333,Disk,300.0,5 min,Alien Agricultural Expedition
8792,2011-11-12 20:00:00,12/12/2011,2011,11,20,Autumn,USA,United States,California,Whittier,33.9791667,-118.0319444,Changing,30.0,30 seconds,plasma like translucent ufo shaped like a clown shoe&#39s sole&#44 or sea creature&#44 colorful. but fast moving&#44 biological ufo?
8854,1998-11-13 01:30:00,8/5/2001,1998,11,1,Autumn,USA,United States,New York,Maybrook,41.4838889,-74.2180556,,300.0,5 minutes,I have seen aliens in my home&#33
9280,1962-11-15 21:00:00,10/8/2007,1962,11,21,Autumn,USA,United States,Texas,Runge,28.8830556,-97.7127778,Sphere,60.0,1 minute,creature in transparent sphere  panics at being seen by nine year old boy
9292,1970-11-15 21:00:00,12/16/2005,1970,11,21,Autumn,USA,United States,New Jersey,Somerville,40.5741667,-74.6102778,Disk,3600.0,three hours,We Had An Alien Trapped&#33
9299,1974-11-15 09:00:00,6/12/2007,1974,11,9,Autumn,USA,United States,Alaska,Cordova,60.5427778,-145.7575,Disk,18000.0,5 hours,UFO ALIEN ABDUCTION AND SPACE CRAFT INCOUNTER A DEMENSHONAL SPEED TRAIL WAS LEFT
9332,1985-11-15 20:30:00,10/11/2005,1985,11,20,Autumn,USA,United States,New Jersey,Vernon Valley,41.2366667,-74.4875,Other,600.0,5 - 10 minutes,An alien looking in at me from outside when I was 5.
9526,2005-11-15 07:36:00,10/30/2006,2005,11,7,Autumn,CAN,Canada,British Columbia,Area A (Nass Valley/Bell Irving),55.06786,-128.970778,Unknown,20.0,10-20 seconds,lights and creature
10425,2003-11-18 02:30:00,11/26/2003,2003,11,2,Autumn,USA,United States,New York,New York,40.7141667,-74.0063889,Unknown,1200.0,20 min,Me and my bro saw alien and ufo at our house
10993,2003-01-01 01:30:00,1/21/2008,2003,1,1,Winter,USA,United States,North Carolina,Mocksville,35.8938889,-80.5616667,Unknown,60.0,1 min,UFO and alien sighting
11327,2013-01-01 00:00:00,2/4/2013,2013,1,0,Winter,GBR,United Kingdom,England,Norwich,52.633333,1.3,Oval,40.0,0:40,These were real alien craft and very fast and able to stop and make clever formations; fantastic to see.
12510,1999-11-23 19:56:00,12/9/2000,1999,11,19,Autumn,USA,United States,California,Fresno,36.7477778,-119.7713889,Disk,300.0,08:01pm ((5 min.  )),18 year old girl encountered an alien spacecraft coming home from the Clovis Community College Center on Nov. of 1999
12930,2005-11-25 22:30:00,12/16/2005,2005,11,22,Autumn,USA,United States,Kansas,Wichita,37.6922222,-97.3372222,Cigar,300.0,5 minutes,aliens speak german???
13025,1976-11-26 03:30:00,10/12/2001,1976,11,3,Autumn,USA,United States,Texas,Houston,29.7630556,-95.3630556,Circle,900.0,15 minutes,Night patrolman rendered defenseless by ALIENS and ARMORED aliens. Interlect exam took place on roof top of building.
13239,2004-11-27 13:35:00,6/20/2005,2004,11,13,Autumn,IRL,Ireland,County Galway,County Galway,53.41291,-8.24389,Unknown,420.0,7 mins,Alien sighting.  ((NUFORC Note:  Possibly not a serious report.  We cannot be certain.  PD))
13469,2006-11-28 23:00:00,12/14/2006,2006,11,23,Autumn,USA,United States,California,Anaheim,33.8352778,-117.9136111,Cigar,60.0,60 sec.,((HOAX??))  I  saw a cigar shaped craft. I did not know if it was an alien craft.
13475,2007-11-28 09:45:00,1/21/2008,2007,11,9,Autumn,USA,United States,Missouri,Mount Vernon,37.0986,-93.8185,Light,3600.0,1 hour,Alien Aircraft apparently watching me.
13649,2004-11-29 13:23:00,12/3/2004,2004,11,13,Autumn,USA,United States,Michigan,New Buffalo Township,41.7938889,-86.7438889,Cone,480.0,8:00,Raped by Aliens&#44 ETC>.
13893,2013-11-30 18:00:00,12/2/2013,2013,11,18,Autumn,USA,United States,Oregon,Salem,44.9430556,-123.0338889,Rectangle,900.0,15 minutes,Rectangular space craft following me and basically stalking  me it had looked like extraterrestrial creatures were inside.
13936,1998-01-13 01:00:00,1/28/1999,1998,1,1,Winter,USA,United States,North Dakota,Minot,48.2325,-101.2958333,Fireball,5.0,5 seconds,I observed a large alien craft in the night sky...
14685,1989-01-15 22:00:00,2/18/2001,1989,1,22,Winter,USA,United States,California,San Bernardino,34.1083333,-117.2888889,,300.0,5 min,The alien in my room
15078,2012-01-15 04:00:00,5/13/2012,2012,1,4,Winter,USA,United States,Florida,Orlando,28.5380556,-81.3794444,Light,5.0,5 seconds,Rapid moving glowing oval craft moving across the night  sky for 5 secs. so fast it  seemed of alien origin.
15586,2003-11-07 00:00:00,12/19/2003,2003,11,0,Autumn,USA,United States,Kentucky,Pikeville,37.4791667,-82.5188889,Light,1800.0,30 mins.,Odd crying and electronic beeping from hills&#44 odd creature seen during childhood.
15701,2007-11-07 04:10:00,3/19/2009,2007,11,4,Autumn,USA,United States,Michigan,Grand Haven,43.0630556,-86.2283333,Triangle,600.0,10 minutes,Giant UFO and an unidentified creature all within ten minutes.  ((NUFORC Note:  Perhaps not a serious-minded report???  PD))
16799,2010-01-20 19:00:00,2/14/2010,2010,1,19,Winter,USA,United States,New York,Poughkeepsie,41.7002778,-73.9213889,Disk,900.0,about 15 minutes,Alien ship appears near synagogue.
17235,1978-12-01 01:00:00,2/1/2007,1978,12,1,Winter,USA,United States,New York,Town of Rockland,41.9452778,-74.9133333,Unknown,900.0,15 minutes,Dream of alien attack with &quot;stun&quot; tripod
17337,2001-12-01 21:54:00,5/14/2002,2001,12,21,Winter,USA,United States,North Carolina,Sneads Ferry,34.5525,-77.3975,Disk,86400.0,friday,Hello there I am 14 years old and I believe in UFO&#39S and Aliens.On December 2001 I was in my room and I started hearing some kind of no
17628,2014-01-21 01:00:00,4/24/2014,2014,1,1,Winter,USA,United States,Pennsylvania,Duncannon,40.398142,-77.023033,,20.0,15-20 seconds,Duncannon&#44 PA&#44 alien contact  15 to 20 seconds small stature grey thin matalic.
17654,1992-12-12 00:00:00,1/10/2014,1992,12,0,Winter,CAN,Canada,Ontario,Fonthill,43.033333,-79.283333,Fireball,300.0,3-5 minutes,fireball seen ~ 3-5 foot &#39grey&#39 alien being seen.
17939,2007-12-13 17:00:00,3/4/2008,2007,12,17,Winter,USA,United States,Washington,Cheney,47.4875,-117.5747222,,10.0,10 seconds,((HOAX??))  Possible Alien Voice?
18199,1945-12-15 02:00:00,12/23/2002,1945,12,2,Winter,USA,United States,New Mexico,Roswell,33.3941667,-104.5225,Sphere,60.0,1 minute,Sphere in Roswell. Were aliens looking for thier dead ?
19434,2004-12-21 08:00:00,10/20/2005,2004,12,8,Winter,USA,United States,Ohio,Chillicothe,39.3330556,-82.9825,Changing,3600.0,1 hour +,Uncle and nephew have encounter with strange entity from glowing globe.
19722,2010-01-22 17:00:00,2/14/2010,2010,1,17,Winter,USA,United States,Nebraska,Lincoln,40.8,-96.6666667,Disk,900.0,about 15 minutes,((NUFORC Note:  Student report. PD)) I am a firm believer in aliens&#44 being 16 years old&#44 I know people usually don&#39t take me seriously.
19884,2008-12-22 06:50:00,1/10/2009,2008,12,6,Winter,USA,United States,Nevada,Reno,39.5297222,-119.8127778,Unknown,5.0,less than 5 seconds,A turquoise light appeared and then there seemed to be a creature appearing from the spacecraft
20028,2006-12-23 15:10:00,2/1/2007,2006,12,15,Winter,USA,United States,California,Calistoga,38.5788889,-122.5786111,Changing,40.0,40 seconds,unidentified aerial entity / lifeform&#44 shape changing&#44 smoke colored / reflective / transparent&#44 40 seconds observation.
20956,1993-12-28 01:00:00,9/2/2005,1993,12,1,Winter,USA,United States,Mississippi,Topton,32.4672222,-88.6022222,,300.0,5 min.,seconds to us are hrs to them.the 5th alien or the mantis w/flies eyes.have others seen it ?????
20967,1999-12-28 05:00:00,7/29/2000,1999,12,5,Winter,USA,United States,Illinois,Sterling,41.7886111,-89.6961111,Disk,1200.0,20 minutes,Limited contact with ufo and aliens.
22157,2014-01-23 22:34:00,1/30/2014,2014,1,22,Winter,CAN,Canada,Quebec,Sainte-Brigitte-de-Laval,47.002378,-71.194212,Sphere,3600.0,1 hour,Hovering orbs inside my bedroom and alien figures outside my window. Possible abduction.
23475,2003-01-28 06:30:00,1/31/2004,2003,1,6,Winter,LBN,Lebanon,Mount Lebanon Governorate,Broumana,33.885963,35.628685,Other,900.0,10-15 minutes,Strange long armed creature with no hair light brown skin
23784,2003-12-09 00:50:00,12/19/2003,2003,12,0,Winter,,,,,37.18,-89.655,Other,30.0,30 seconds,alien / monster
23923,2010-12-09 22:00:00,1/5/2011,2010,12,22,Winter,USA,United States,Virginia,Vinegar Hill,38.0291667,-78.4769444,Chevron,7200.0,at least 2 hours,((HOAX??))  alien acrobat&#44 or new government plane?  you tell me.
24314,2003-01-03 03:00:00,10/30/2006,2003,1,3,Winter,USA,United States,Massachusetts,Norwood,42.1944444,-71.2,Other,300.0,5 minutes,Sighting and message from an alien commander
25484,2013-01-09 23:43:00,2/4/2013,2013,1,23,Winter,GBR,United Kingdom,Scotland,Tillicoultry,56.166667,-3.75,Oval,3600.0,1 hour,I have pictures of aliens please read&#44 help needed.
25490,2014-01-09 09:20:00,1/24/2014,2014,1,9,Winter,USA,United States,California,Fresno County,36.778261,-119.417932,Other,180.0,3 minutes,Glowing sphere with creatures face below it&#44 and blue six sided object in sky on California 127 at Dumont dune national park&#44 1/9/14 am
25514,1996-02-10 11:00:00,11/17/1999,1996,2,11,Winter,AUS,Australia,Town of Alice Springs,Alice Springs,-23.697479,133.883621,Other,5.0,5 seconds,A humanoid dwarf/troll/grey alien type thing walked up the steps of a pasta restataunt I was in and stared at me.
25566,2005-02-10 14:00:00,9/2/2005,2005,2,14,Winter,USA,United States,Pennsylvania,Scranton,41.42964,-75.652919,Oval,120.0,few miniutes,THIS OBJECT very fast&#33 ability to lift a car and spin it&#44 shown&#33 more&#33 two or so + creatures&#44bigfoot ;gremlin+
25957,2010-02-01 08:00:00,5/2/2011,2010,2,8,Winter,USA,United States,Connecticut,Preston,41.522479,-72.01126,Flash,10800.0,3 hours,female human abducted by aliens. 500 Lights On Object0: Yes
26701,2004-02-15 23:00:00,3/23/2004,2004,2,23,Winter,USA,United States,Iowa,Elkader,42.8538889,-91.4052778,Unknown,2.0,seconds,A strange creature or being....
26711,2005-02-15 19:35:00,5/11/2005,2005,2,19,Winter,USA,United States,Florida,Sarasota,27.3361111,-82.5308333,,300.0,5 minutes,Alien sighting at my door
26772,2010-02-15 05:00:00,5/12/2010,2010,2,5,Winter,USA,United States,Tennessee,Nashville,36.1658333,-86.7844444,Unknown,120.0,minutes,UFO CASEBOOK REPORT:  Alien Encounter in Tennessee
26936,2008-02-16 02:17:00,3/4/2008,2008,2,2,Winter,CAN,Canada,Alberta,Edmonton,53.55,-113.5,Light,3600.0,1 hour and going&#33&#33,Canadian aliens??????
27328,2001-02-19 21:30:00,2/24/2001,2001,2,21,Winter,USA,United States,Missouri,Sedalia,38.7044444,-93.2280556,Changing,1.0,less than 1 second,Spotted an entity moving rapidly.
28968,2006-02-28 13:00:00,3/11/2006,2006,2,13,Winter,USA,United States,Illinois,Des Plaines,42.0333333,-87.8833333,Other,120.0,2 minutes,Floating dark object&#44 only 40 ft. away &#44 thought to be Alien probe&#44I thought of camera&#44 it sensed that&#44 shot up
29547,1997-02-06 03:15:00,3/7/1998,1997,2,3,Winter,USA,United States,Pennsylvania,Grove City,41.1577778,-80.0888889,,10800.0,3 hours,Had a alien possible abduction &#44very hard to talk about it. Remember hearing  buzzing sound and 6 small grey figures that  passed out.
30325,2012-03-10 16:00:00,3/13/2012,2012,3,16,Spring,USA,United States,Arizona,Maricopa County,33.3941,-111.626698,Unknown,60.0,60 seconds,Possible government officials faking an alien sighting.  ((NUFORC Note:  Date amended above.  PD))
30874,2003-03-12 05:30:00,8/24/2004,2003,3,5,Spring,USA,United States,Maryland,Brookwood Estates,38.7741667,-76.0766667,Unknown,1200.0,20 minutes,Caught a possible Alien Abduction and/or Cattle Mutiliation in progress&#44
30966,2011-03-12 22:00:00,1/12/2012,2011,3,22,Spring,USA,United States,Texas,Morgan Mill,32.3880556,-98.1669444,Light,1500.0,25 minutes,Suicide after Alien/UFO sighting near Comanche Peak Nuclear Facility
31302,2003-03-14 04:30:00,9/2/2005,2003,3,4,Spring,USA,United States,California,Kentfield,37.9522222,-122.5561111,Unknown,15.0,15 seconds,Aliens are real.
31464,1972-03-15 22:00:00,4/1/2001,1972,3,22,Spring,USA,United States,Massachusetts,Erving,42.5819444,-72.4930556,Unknown,120.0,2 minutes,Alien sighting
31470,1975-03-15 19:00:00,3/9/2004,1975,3,19,Spring,USA,United States,Kansas,New Cambria,38.8791667,-97.5055556,Rectangle,3600.0,1 hour,SPRING 1975 - Central Kansas - 2 Aliens
31521,1995-03-15 14:00:00,10/30/2006,1995,3,14,Spring,USA,United States,Florida,Orlando,28.5380556,-81.3794444,,120.0,minutes,Daylight encounter with creatures that excerted mind probe at a distance .
31754,2011-03-15 12:00:00,5/29/2011,2011,3,12,Spring,USA,United States,Montana,Glasgow,48.1969444,-106.6361111,Circle,345600.0,3-4 days,((HOAX))  Alien dog fight.
31855,2005-03-16 07:47:00,9/2/2005,2005,3,7,Spring,ISR,Israel,Center District,Kfar Sava,32.178195,34.90761,Oval,180.0,3 minutes,IT WAS SOMETHING ELSE.. MAYBE ALIEN
32129,2014-03-17 02:00:00,3/21/2014,2014,3,2,Spring,USA,United States,North Carolina,Charlotte,35.2269444,-80.8433333,Other,3600.0,1 hour,Alien Abduction with provable markings left on the body.
32364,2006-03-19 23:00:00,10/30/2006,2006,3,23,Spring,GBR,United Kingdom,England,Park Central,52.466667,-1.916667,Light,7200.0,2 hours,I actually saw an alien
32371,2007-03-19 11:22:00,4/27/2007,2007,3,11,Spring,USA,United States,Colorado,Colorado Springs,38.8338889,-104.8208333,Triangle,86400.0,1 day,Air Force fired projectiles of some sort at alien craft and hit them directly&#44 causing all of the craft fired upon to hit the ground.
32786,2013-03-21 18:00:00,5/15/2013,2013,3,18,Spring,USA,United States,Florida,Fort Myers,26.640628,-81.872308,,900.0,~15 minutes,This alien being was not visible at the time of the photo being taken&#44 but was visible later in the photo.
32914,2011-03-02 21:00:00,1/10/2014,2011,3,21,Spring,USA,United States,Texas,Coleman County,31.9280556,-99.3175,Chevron,60.0,1:00,Man Escapes Alien Abduction With Photo&#44s to Prove It.
33053,2009-03-22 22:00:00,4/14/2009,2009,3,22,Spring,GBR,United Kingdom,England,South End,52.47568,0.931012,Sphere,600.0,10 minutes,UfO 12 unidentified crafts aproached by possible british or United states craft  not first contact with possible aliens in this area.
33468,2006-03-25 21:30:00,5/15/2006,2006,3,21,Spring,USA,United States,Washington,Onion Creek,48.7838889,-117.8105556,Fireball,4.0,4 seconds,i thought this sighting was rather co-incidental.. i was watching SIGNS with mel gibson and joaquin phonix was about to bash an alien w
33581,2002-03-26 20:47:00,6/12/2002,2002,3,20,Spring,USA,United States,Nebraska,Lincoln,40.8,-96.6666667,Changing,360.0,6 minutes,I saw two space alien ships fighting with each other&#44 and making weird sounds and seeing different lights and shapes.
33586,2003-03-26 20:00:00,4/22/2003,2003,3,20,Spring,USA,United States,California,San Jose,37.3394444,-121.8938889,,5.0,5 seconds,Possible alien encounter.  Not UFO&#44 actual alien...
33823,2014-03-27 23:30:00,4/4/2014,2014,3,23,Spring,USA,United States,Florida,Lee County,26.625,-81.625,Unknown,30.0,30 seconds,Alien being seen running on foot on the ground.
34394,2010-03-31 01:40:00,4/13/2010,2010,3,1,Spring,IRN,Iran,Bushehr Province,دهستان چاه مبارک,27.33,52.903333,,100.0,1:40,3 Saucers land in Jordan with tall Aliens heading down from them
34417,2012-03-31 22:37:00,5/13/2012,2012,3,22,Spring,USA,United States,Utah,White City,40.5658333,-111.8636111,Triangle,300.0,5min,Alien drone craft with a mother ship over salt lake city and no one seen it but us humm??
34560,2012-03-03 17:30:00,10/30/2012,2012,3,17,Spring,USA,United States,Tennessee,Alto,35.2705556,-85.9530556,Fireball,751.0,12:31,A fireball like image falling from sky then seeing an alien days later in field.
34603,2014-03-03 23:50:00,3/18/2014,2014,3,23,Spring,USA,United States,North Carolina,Raeford,34.9808333,-79.2244444,Other,120.0,2 minutes,Fast moving like war plane like alien craft.
34716,2012-03-04 03:00:00,3/13/2012,2012,3,3,Spring,USA,United States,California,Los Angeles,34.0983333,-118.3258333,Other,300.0,5 minutes,This was an indisputable moving creature of sorts in the sky&#44 not machinery&#44 and definitely not man made or controlled. Calculated.
35064,2014-03-06 04:00:00,4/4/2014,2014,3,4,Spring,USA,United States,Utah,Salt Lake City,40.7608333,-111.8902778,Disk,18000.0,5 hours,((HOAX??))  Abduction and Oval Ufo sighting a few weeks before.  The aliens were red headed Lyrans.
35347,2007-03-08 12:30:00,4/27/2007,2007,3,12,Spring,USA,United States,Missouri,Jefferson County,38.23103,-90.525782,Unknown,7200.0,2 hours,I saw 1 craft&#44 which was it looked like a square with red and green lights.  It moved slowly at times. I&#39m not saying it&#39s an alien cra
35498,2005-03-09 19:00:00,5/11/2005,2005,3,19,Spring,USA,United States,Virginia,Gloucester Point,37.2386111,-76.51,Triangle,240.0,1-4 minutes,Possible UFO- but more importantly&#44 the alien experience
36942,2002-04-15 03:00:00,3/4/2008,2002,4,3,Spring,USA,United States,New Jersey,Kingsland,40.8119444,-74.1247222,Other,900.0,15 minutes,Small creatures from the sky
37283,2012-04-16 04:00:00,5/13/2012,2012,4,4,Spring,USA,United States,Washington,Spokane,47.6588889,-117.425,Unknown,1200.0,20 min,seen an alien
37522,1996-04-18 17:40:00,1/28/1999,1996,4,17,Spring,AUS,Australia,Queensland,Brisbane City,-27.47101,153.024292,,18000.0,5  hours  plus,Five hours plus interaction with an &quot;invisible entity&quot;.  Four persons directly in contact.  Two peripheral witnesses.  Numerous physica
37734,2006-04-19 02:30:00,5/15/2006,2006,4,2,Spring,USA,United States,Nevada,Las Vegas,36.175,-115.1363889,Light,7200.0,about 2 hrs,Four short grayish black-eyed aliens appeared in my room.
37875,1998-04-20 10:30:00,8/5/2001,1998,4,10,Spring,USA,United States,Georgia,Valdosta,30.8325,-83.2786111,Circle,30.0,30 seconds,I think this was an Alien craft because it had very a very unusual performance
38004,2011-04-20 00:00:00,5/29/2011,2011,4,0,Spring,USA,United States,Texas,Fredericksburg,30.275,-98.8716667,Disk,300.0,about 5 minutes,((HOAX??))  Aliens at Fredricksburg.
38108,2003-04-21 20:00:00,5/2/2003,2003,4,20,Spring,USA,United States,North Carolina,Concord,35.4086111,-80.5797222,Teardrop,600.0,10 minutes,Fork lift attacked by aliens craft
38197,2011-04-21 16:00:00,5/2/2011,2011,4,16,Spring,USA,United States,Kansas,Lenexa,38.9536111,-94.7333333,Other,240.0,4 min,we saw a large flat light sheet in the shape of what looked like texas it didnt make a sound and we didnt see any creatures
38274,2000-04-02 14:00:00,2/8/2005,2000,4,14,Spring,USA,United States,Iowa,Fremont,41.2125,-92.4352778,Unknown,15.0,15 sec,I had an encounter with a creature who was doing a Reptilain Hosting or demonic possession of my exwife.
38403,2014-04-02 22:00:00,4/4/2014,2014,4,22,Spring,USA,United States,Florida,Lee County,26.625,-81.625,,300.0,5 minutes,Alien in the tree?
38892,2011-04-24 15:00:00,5/2/2011,2011,4,15,Spring,USA,United States,Pennsylvania,North Mountain,41.29048,-76.577105,,5.0,5 sec.,((HOAX/STUDENT REPORT))  Flyby of a Dead Alien w/ Red Blood on it.
39038,2007-04-25 02:00:00,6/12/2007,2007,4,2,Spring,IND,India,Maharashtra,Samudrapur,20.593684,78.96288,Rectangle,900.0,15 minutes,UFO and creature sighted at 2:00 AM in the morning.
40282,1995-04-05 00:00:00,9/17/2000,1995,4,0,Spring,USA,United States,Puerto Rico,Río Grande,18.3822222,-65.8316667,Unknown,18000.0,5 hours,alien body photographed
40298,1998-04-05 19:00:00,9/2/2005,1998,4,19,Spring,USA,United States,Georgia,Wheeler County,32.165622,-82.900075,Disk,600.0,10 minutes,UFO/ALIEN LANDING
40337,2004-04-05 11:00:00,4/9/2004,2004,4,11,Spring,USA,United States,Tennessee,Newport,35.9669444,-83.1877778,Other,40.0,30 to 40 sec.,Strange creature
40976,2001-04-09 12:05:00,4/28/2001,2001,4,12,Spring,PHL,Philippines,Las Piñas,Las Piñas,14.444546,120.993874,Oval,300.0,5 mins,Daytime UFO with Alien on Board.  See pictures at:  www.txtct.com
40987,2004-04-09 10:02:00,4/27/2004,2004,4,10,Spring,USA,United States,Maryland,Ellicott City,39.2672222,-76.7986111,Other,60.0,1 minute,alien sited walking dog in ellicott city&#44md 04/09/04
41169,1995-05-10 03:00:00,11/2/1999,1995,5,3,Spring,USA,United States,Missouri,Columbia,38.9516667,-92.3338889,,120.0,2 min.,Man repts. son&#39s bizarre sighting of small humanoid creature in back yard.  Reptd. in Acteon Journal&#44 St. Louis UFO newsletter.
41230,2004-05-10 15:41:00,10/27/2004,2004,5,15,Spring,GBR,United Kingdom,England,Ayot St. Lawrence,51.833333,-0.25,Changing,540.0,9 minutes,GLOBULAR ALIEN?
41650,2001-05-01 23:00:00,5/24/2005,2001,5,23,Spring,USA,United States,Maine,Owls Head,44.0822222,-69.0577778,Diamond,15.0,15 seconds,Must have been an alien satalite sent to scan our planet...doubtful it was a ship carrying actual aliens
42480,2001-05-15 18:30:00,12/12/2011,2001,5,18,Spring,CAN,Canada,Ontario,St. Thomas,42.783333,-81.183333,Oval,600.0,10 min.,Aliens prepared to protect themselves from other aliens
43114,1991-05-19 00:00:00,2/1/2007,1991,5,0,Spring,FRA,France,Grand Est,Épernay,49.043411,3.956242,Other,10800.0,2-3 hours,When penetrating to the inner core of the aliens light signals were sent by you&#33
43213,2010-05-19 01:00:00,2/8/2011,2010,5,1,Spring,USA,United States,Arizona,Congress,34.1625,-112.85,Sphere,900.0,15 minutes,I can describe it&#44 but I still don&#39t know what it was:  alien probe&#44 military&#44 possible living organism.
43233,2012-05-19 04:55:00,5/29/2012,2012,5,4,Spring,USA,United States,Florida,Orlando,28.5380556,-81.3794444,Light,300.0,5 minutes,Tried to watch shuttle launch&#44 ended up seeing aliens.
43532,2001-05-21 23:00:00,8/11/2004,2001,5,23,Spring,USA,United States,California,La Mesa,32.7677778,-117.0222222,Unknown,300.0,5 minutes,TWO ALIENS CAME TO MY ROOM - PLEASE READ THIS IS SERIOUS
44069,2013-05-23 03:30:00,7/3/2013,2013,5,3,Spring,USA,United States,Colorado,Cañon City,38.4,-105.2166667,Chevron,900.0,15 minutes,A MYSTERIOUS&#44 UNIQUE SIGHTING OF THREE ALIENS IN BROAD DAYLIGHT.
44768,2009-05-28 03:00:00,6/3/2010,2009,5,3,Spring,USA,United States,California,San Leandro,37.725,-122.155,Unknown,5.0,5 seconds,On april 28 2009 at 3 am pacific time an alien appeared in the living room as i was sleeping on the couch.
44976,2012-05-29 23:30:00,7/4/2012,2012,5,23,Spring,USA,United States,Virginia,Scott County,36.6377778,-82.5811111,,20.0,20 seconds,three unidentified creatures spotted from only 10-15 yards away.
45364,2009-05-03 13:32:00,5/12/2009,2009,5,13,Spring,CHE,Switzerland,Bern,Grindelwald,46.624893,8.030959,Unknown,180.0,3minutes,Me and two friends saw an alien ship that looked like the ones on Star Wars.
45373,2010-05-03 16:00:00,11/21/2010,2010,5,16,Spring,USA,United States,Illinois,McHenry,42.3333333,-88.2666667,,30.0,30 sec.,I saw living creatures swooping in and  out of a cloud
45546,2011-05-04 00:00:00,5/12/2011,2011,5,0,Spring,USA,United States,Pennsylvania,Dauphin County,40.2858333,-76.6505556,,604800.0,1 week,Alien Abduction Scar/Marks???
45658,1999-05-05 23:00:00,6/12/2002,1999,5,23,Spring,USA,United States,Arizona,Phoenix,33.4483333,-112.0733333,Light,30.0,several hours,body experiments by aliens
45885,2003-05-06 22:30:00,5/13/2003,2003,5,22,Spring,GBR,United Kingdom,England,Oxford,51.75,-1.25,Light,60.0,about a minute,It was basicly a point of white light. it would be best described not as an alien ship&#44 more a UFO. it was too high up to be a airoplan
46667,2012-06-10 01:00:00,9/30/2013,2012,6,1,Summer,USA,United States,Michigan,Clinton Township,42.586888,-82.919551,Other,900.0,15 minutes,I SEEN A GREY ALIEN UP CLOSE
46705,1993-06-11 01:00:00,8/5/2012,1993,6,1,Summer,USA,United States,Maryland,Lusby,38.4105556,-76.4555556,Other,32400.0,9 hours,Possible alien encounter and or abduction in 1993.
46894,1956-06-01 19:00:00,1/28/1999,1956,6,19,Summer,USA,United States,Missouri,Belton,38.8119444,-94.5316667,Other,600.0,10min.,THE EVENT WAS A PERSONAL CONTACT WITH AN ALIEN. SINCE I WAS ABOUT 6 YEARS OLD AND IT HAS BEEN A LONG TIME FORGIVE ME ANY DESCREPANCIES
47089,1973-06-01 03:00:00,7/4/2012,1973,6,3,Summer,USA,United States,Washington,Oak Harbor,48.2933333,-122.6419444,Unknown,30.0,30 seconds,alien in the woods
47262,1979-06-01 21:00:00,10/30/2006,1979,6,21,Summer,USA,United States,Pennsylvania,Victory Heights,41.3630556,-79.7622222,Light,900.0,15 minutes,Lights and some kind of being (creature) starring back at me.......
47351,1984-06-01 00:00:00,7/1/2002,1984,6,0,Summer,AUS,Australia,Western Australia,Perth,-31.95224,115.861397,,1200.0,20 minutes,I encountered three small grey creatures and a rolling ball of light while walking at a near by lake.
47412,1987-06-01 02:30:00,11/28/2007,1987,6,2,Summer,USA,United States,California,San Francisco,37.775,-122.4183333,Other,14400.0,2-4 hours,Abduction case&#44with 1 twist. Aliens left  unearthly communications object as proof of contact&#33  500 Lights On Object0: Yes
47461,1989-06-01 23:00:00,8/14/2007,1989,6,23,Summer,USA,United States,New York,New York,40.7141667,-74.0063889,Unknown,10800.0,3 hours,Alien working in a store in a busy neigborhood blending in with us.
47525,1993-06-01 01:00:00,4/4/2014,1993,6,1,Summer,USA,United States,California,Bella Vista,40.6408333,-122.2313889,Other,2400.0,40 minutes,Aggressive&#44 Levitating Metallic Alien Robot thing
47535,1993-06-01 17:30:00,5/15/2013,1993,6,17,Summer,USA,United States,Colorado,Colorado Springs,38.8338889,-104.8208333,Cigar,900.0,15 minutes,Saw a UFO and spoke to a possible alien.
47582,1995-06-01 02:00:00,9/12/2003,1995,6,2,Summer,USA,United States,Virginia,Catalpa Hills,38.4730556,-77.9969444,Unknown,300.0,5 minutes,alien abduction
47587,1995-06-01 11:00:00,2/8/2011,1995,6,11,Summer,MEX,Mexico,Jalisco,Jalostotitlán,21.167823,-102.467375,Other,15.0,1/2 hour,Contact with aliens in a small craft in the state of jalisco Mexico .
48155,2012-06-12 03:00:00,6/14/2012,2012,6,3,Summer,USA,United States,New York,New York,40.7141667,-74.0063889,Other,5.0,5 seconds,UFO appears to be a metal looking creature with many antennas and a hole that has an opening appearing to be either the nose or mouth.
48240,2003-06-13 23:00:00,6/18/2003,2003,6,23,Summer,USA,United States,Tennessee,Springfield,36.5091667,-86.885,Sphere,30.0,30 seconds,Winesssed Glowing white/blue neon sphere and aliens in field while camping with my buddy.
48358,1962-06-14 02:00:00,5/14/2002,1962,6,2,Summer,CAN,Canada,Saskatchewan,Yorkton,51.216667,-102.466667,Disk,60.0,45 - 60 seconds,Dull aluminum alien space craft &#44silent&#44motionless hover&#44150 Ft. away&#44crystal clear view&#44country sighting&#44SCARY then&#33
48568,1947-06-15 14:00:00,12/3/2004,1947,6,14,Summer,USA,United States,North Dakota,Gackle,46.6258333,-99.1416667,Other,3600.0,aprox. 1 hour,Alien hawk sighted in North Dakota
48605,1959-06-15 01:00:00,6/6/2000,1959,6,1,Summer,USA,United States,Montana,Missoula,46.8722222,-113.9930556,Unknown,20.0,20 consec nights,Twenty nights of stalking&#44 apparent abduction attempts by Grey &quot;alien&quot; creatures&#44 1959.
48648,1966-06-15 04:00:00,5/13/2012,1966,6,4,Summer,USA,United States,Wisconsin,Stoughton,42.9169444,-89.2177778,Sphere,5.0,one hour,Our family abducted by aliens near Stoughton&#44 Wisconsin in Summer of 1966
48743,1974-06-15 13:00:00,3/4/2008,1974,6,13,Summer,USA,United States,Minnesota,Austin,43.6666667,-92.9744444,Other,7200.0,2hrs,brilliant multicolored cloudshaped entity (a pulsing cloud of beaming color)
48840,1979-06-15 03:00:00,7/4/2012,1979,6,3,Summer,USA,United States,Ohio,Summit County,41.3116667,-81.5683333,Unknown,120.0,2 minutes,In Ohio around 1979 I had and encounter with 3 aliens. 500 Lights On Object0: Yes
48934,1986-06-15 03:00:00,3/21/2003,1986,6,3,Summer,USA,United States,Indiana,Gary,41.5933333,-87.3463889,Other,30.0,30secs,I Saw An Alien Face To Face
49570,2009-06-16 12:00:00,8/5/2009,2009,6,12,Summer,USA,United States,California,Modesto,37.6391667,-120.9958333,Flash,180.0,one hour,Glowing different colors alien space craft.  ((NUFORC Note:  Possible sighting of &quot;twinkling&quot; stars?  PD))
49813,2012-06-17 19:00:00,6/20/2012,2012,6,19,Summer,USA,United States,Maryland,Baltimore,39.2902778,-76.6125,Sphere,600.0,10 minutes,Our alien ancestors are really starting to make there present felt.
50370,2001-06-20 01:00:00,6/3/2010,2001,6,1,Summer,USA,United States,Arizona,Tucson,32.2216667,-110.9258333,Unknown,15.0,15 sec,Flying creature in the sky&#44 with form of human dark skin. And moved in a floating motion.  ((NUFORC Note:  Serious report??  PD))
50497,2010-06-20 01:00:00,6/23/2010,2010,6,1,Summer,USA,United States,Illinois,Blue Island,41.6572222,-87.68,Circle,300.0,5 minutes,the alien craft was black and disk shaped and it traveled so fast it literally disappeared and appeared to great distances.
50583,1992-06-21 21:00:00,12/12/2009,1992,6,21,Summer,USA,United States,New York,Conesus,42.7188889,-77.6766667,Unknown,120.0,1-2 minutes,Eye contact with Creature
51026,2007-06-22 08:00:00,8/7/2007,2007,6,8,Summer,NZL,New Zealand,Auckland,Auckland,-36.84846,174.763332,Chevron,600.0,10 minutes,There were three alien craft in the sky over Auckland. 500 Lights On Object0: Yes
51686,2002-06-25 03:00:00,7/26/2002,2002,6,3,Summer,USA,United States,Minnesota,Waconia,44.8508333,-93.7866667,Light,30.0,30 sec,I saw an alien
51749,2007-06-25 23:00:00,8/7/2007,2007,6,23,Summer,USA,United States,California,San Juan Capistrano,33.5016667,-117.6616667,Disk,20.0,20 secs,((HOAX))  Gray Type A Alien form in metallic saucer with red glow and yellow beams.
51807,2012-06-25 00:00:00,7/4/2012,2012,6,0,Summer,USA,United States,Mississippi,Walls,34.9577778,-90.1516667,Triangle,2400.0,40 minutes,Light Signals to music. Ship. Creature.
52615,1957-06-30 03:30:00,7/3/2013,1957,6,3,Summer,USA,United States,Michigan,Birmingham,42.5466667,-83.2113889,Unknown,300.0,5 minutes,Grey alien drills into my back when I was a child in the 1950&#39s
52648,1963-06-30 21:00:00,10/8/2007,1963,6,21,Summer,GBR,United Kingdom,England,Allesley,52.416667,-1.55,Circle,15.0,15 seconds,Very close encounter which has changed my views on alien life forever.
52812,1982-06-30 03:00:00,10/30/2006,1982,6,3,Summer,GBR,United Kingdom,England,Beeby,52.664913,-1.034894,,1200.0,15-20 min,Alien standing at the bottom of my bed.
52952,2000-06-30 15:00:00,6/3/2010,2000,6,15,Summer,USA,United States,Pennsylvania,Springboro,41.8005556,-80.3691667,Circle,1800.0,30 min,i saw a ufo land and aliens come out
53045,2004-06-30 17:55:00,8/11/2004,2004,6,17,Summer,USA,United States,Nevada,Las Vegas,36.175,-115.1363889,Circle,5.0,3-5 second,An alien space or an u.f.o that is not an alien space craft.
53175,2010-06-30 01:00:00,5/15/2013,2010,6,1,Summer,USA,United States,California,Garberville,40.1002778,-123.7938889,,60.0,1 minute,((HOAX??))  Saw ALIENS WALK THROUGH A PORTAL&#33&#33
53197,2011-06-30 17:00:00,7/6/2011,2011,6,17,Summer,USA,United States,Kentucky,Richmond,37.7477778,-84.2947222,Cigar,1200.0,20 min,UFO spotted in Richmond&#44Ky near The Bluegrass Army Depot..??Is this Aliens or Government cover up
53307,2001-06-03 20:00:00,8/16/2002,2001,6,20,Summer,AUS,Australia,Victoria,Melbourne,-37.813938,144.963425,Cone,60.0,1minute,3 Reports UFO sightings including news 7 newsreport video http://www.starcomone.com/aliens/ for video and info
53517,2010-06-04 02:00:00,7/6/2010,2010,6,2,Summer,USA,United States,Maryland,Brookwood Estates,38.7741667,-76.0766667,Teardrop,600.0,10 min,Discolored grass after thought to be Alien encounter.  ((NUFORC Note:  We cannot certify that this is a serious report.  PD))
53542,2012-06-04 16:00:00,8/30/2013,2012,6,16,Summer,USA,United States,Texas,Dallas,32.7833333,-96.8,Egg,86400.0,1 day,I found 2 small orange pods with alien like organisms &#44 curdle up in the fetal position&#44 growing inside then.
53650,2005-06-05 21:00:00,6/20/2005,2005,6,21,Summer,USA,United States,Washington,Seattle,47.678174,-122.337143,Triangle,30.0,20 to 30 sec.,ALIENS AND U.F.O.S SIGHTED NEAR HOME.
53692,2009-06-05 00:00:00,7/19/2010,2009,6,0,Summer,USA,United States,California,Santa Ana,33.7455556,-117.8669444,Unknown,3600.0,1 hr,((HOAX??))  Grey Alien Being
53828,1998-06-06 21:30:00,5/15/2006,1998,6,21,Summer,USA,United States,Florida,Tampa,27.9472222,-82.4586111,Light,25.0,25 seconds,5 G light&#44 only alien&#44 or they figured out how to reverse gravity&#44 or the sense of.
53902,2006-06-06 11:58:00,7/16/2006,2006,6,11,Summer,USA,United States,Florida,Miami,25.7738889,-80.1938889,Circle,120.0,2 minutes,I never used to belive in aliens but now I do.
53935,2008-06-06 16:00:00,6/12/2008,2008,6,16,Summer,USA,United States,California,Sacramento,38.5816667,-121.4933333,Disk,60.0,one minute,Alien probe/craft sighted above rolling hills in California
54007,2013-06-06 03:30:00,12/5/2013,2013,6,3,Summer,USA,United States,Pennsylvania,Slippery Rock,41.0638889,-80.0566667,Light,240.0,4 minutes,Bright light flashes me followe next day by weird creatures coming out of my mirror.
54219,1982-06-08 18:30:00,11/16/2002,1982,6,18,Summer,USA,United States,Massachusetts,Dennis Port,41.658445,-70.128629,Disk,300.0,1/5 minutes,Kite flying and Alien interest?
54449,2002-06-09 20:12:00,6/13/2002,2002,6,20,Summer,LKA,Sri Lanka,North Central Province,Polonnaruwa,7.932636,81.003682,Fireball,1800.0,30min,aliens in srilanka
54450,2002-06-09 20:12:00,6/12/2002,2002,6,20,Summer,LKA,Sri Lanka,North Central Province,Polonnaruwa,7.932636,81.003682,Fireball,1920.0,32min,2 people went for bath to nearby rever. ufo appeared with thundering sound. then it landed 2 two feet aliens came out. very soon it des
54488,2006-06-09 23:46:00,7/16/2006,2006,6,23,Summer,USA,United States,New York,New York,40.7141667,-74.0063889,Sphere,12.0,12 seconds,Ok I usually am very sceptical when it comes to appearances of apparitions&#44 imaginary susperstitions&#44 aliens&#44 ufo&#39s and things of that
54779,2009-07-10 10:30:00,8/5/2009,2009,7,10,Summer,USA,United States,Arizona,Tonopah,33.4936111,-112.9363889,Triangle,1800.0,30 minutes,((HOAX??))  &quot;WE ARE NOT ALONE&quot; ALIEN CONTACT&#44 AND CONVERSATION July10&#44 2009&#33
54806,2010-07-10 22:00:00,11/21/2010,2010,7,22,Summer,USA,United States,Idaho,Moore,43.7358333,-113.3655556,Light,3600.0,1 hr.,ALIEN LANDING OF UNKNOW ORIGIN TO GO ALONG WITH STRANGE BEHAVIOR OF WILD ANIMALS AND PEOPLE IN THE AREA  500 Lights On Object0: Yes
55122,1959-07-01 01:00:00,2/1/2007,1959,7,1,Summer,USA,United States,California,Strathmore,36.1455556,-119.0597222,Disk,240.0,4 minutes,the gathering of static electricity from atmosphere by ufo alien or USA craft  possible unmaned
55412,2000-07-01 04:00:00,3/4/2008,2000,7,4,Summer,USA,United States,Tennessee,Bartlett,35.214802,-89.876992,Light,1200.0,hours,orange light getting closer by the hour; 2 aliens seen by my own eyes. 500 Lights On Object0: Yes
55506,2007-07-01 14:00:00,10/8/2007,2007,7,14,Summer,USA,United States,Arizona,Mesa,33.4222222,-111.8219444,,3600.0,60 min.,Groups Medical Aliens do Healing on humans&#44 animals&#44 plants...
55514,2007-07-01 23:00:00,10/19/2011,2007,7,23,Summer,USA,United States,Connecticut,North Grosvenordale,41.985653,-71.898683,Unknown,60.0,1 minute,Witnessed two aliens walking along baseball field fence.
55560,2010-07-01 22:45:00,7/6/2010,2010,7,22,Summer,USA,United States,South Carolina,Kanawha Hills,35.0072222,-80.9452778,Fireball,300.0,5 minutes,Five fireballs fying slowly across the Fort Mil&#44 SC&#44 sky at night; sighting of a possible alien.  (NUFORC Note:  Serious report?? PD))
55751,2004-07-12 23:00:00,5/24/2005,2004,7,23,Summer,USA,United States,New York,New York,40.7141667,-74.0063889,Oval,7200.0,1-2 hours,Mind Controlled by Aliens
56199,1987-07-14 01:30:00,1/31/2011,1987,7,1,Summer,USA,United States,California,Sacramento,38.5816667,-121.4933333,Other,60.0,30-60 seconds,grey alien was seen in Sacramento in july&#44 14th.
56210,1997-07-14 00:00:00,1/28/1999,1997,7,0,Summer,USA,United States,California,Hayward,37.6688889,-122.0797222,Fireball,36.0,3/5min.  others??,I observed several types of crafts over this period of time and many were daylight sightings.Also may have seen entity(e.t).
56549,1969-07-15 23:00:00,2/14/2008,1969,7,23,Summer,USA,United States,Washington,Burlington,48.4758333,-122.3241667,Other,30.0,30 seconds,I was returning home after seeing my girl friend&#44 trveling along a rural road between two corn fields a creature apprximatly 3 feet tal
57346,2005-07-16 11:30:00,4/27/2007,2005,7,11,Summer,USA,United States,Texas,Benbrook,32.6730556,-97.4602778,Light,300.0,3-5 minutes,Alien encounter after UFO.
57368,2006-07-16 22:00:00,10/30/2006,2006,7,22,Summer,USA,United States,Illinois,Villa Park,41.8897222,-87.9888889,Light,1380.0,23 minutes,I believe I was abducted by Aliens
57658,2011-07-17 01:00:00,8/7/2011,2011,7,1,Summer,USA,United States,Ohio,Findlay,41.0441667,-83.65,Unknown,259200.0,3 days still happening,((HOAX??))  Aliens live in are yard.  ((NUFORC Note:  We are unconvinced that this is a serious report.  PD))
57977,1985-07-19 22:30:00,10/27/2004,1985,7,22,Summer,USA,United States,Washington,Copalis Beach,47.1127778,-124.1725,Disk,5400.0,1.5 hrs,I was visited by at least five alien men in 1985
59571,1984-07-25 12:00:00,7/25/2004,1984,7,12,Summer,USA,United States,New Jersey,Jackson Township,40.058324,-74.405661,Unknown,300.0,5 minutes,Third Party Witness to Creature
59597,1999-07-25 20:00:00,8/5/2001,1999,7,20,Summer,BRA,Brazil,Rio Grande do Sul,Caiçara,-27.279605,-53.426186,Circle,900.0,15 minutes,We watched the craft and an alien for 15 minutes.
60418,2008-07-28 04:00:00,10/31/2008,2008,7,4,Summer,USA,United States,Michigan,Oakland County,42.7919444,-83.6277778,Other,5.0,4-5 seconds,The Holly Michigan Chupacabra re-appears to witness; creature seen hopping northward in a expressway ditch.
60457,2011-07-28 22:38:00,8/7/2011,2011,7,22,Summer,USA,United States,Texas,Plano,33.0197222,-96.6986111,Unknown,4.0,4 seconds,Bright white light&#44&#44 aliens&#44 phenomena
61615,1996-07-04 19:35:00,2/18/2001,1996,7,19,Summer,USA,United States,Arkansas,Fayetteville,36.0625,-94.1572222,Changing,5280.0,88 minutes,A short but sure encounter with three alien craft and tall&#44 hairy beings&#44 with keen sensory peception.
61711,2000-07-04 21:00:00,7/16/2006,2000,7,21,Summer,USA,United States,Oregon,Pacific City,45.2025,-123.9616667,Light,10.0,5-10seconds,I&#39m sure I saw a real alien aircraft&#33
62339,2011-07-04 22:00:00,7/17/2011,2011,7,22,Summer,USA,United States,Indiana,Muncie,40.1933333,-85.3863889,Light,240.0,4 min, ((HOAX??))  4th  of July ufo and a image of a ghostly alien face very disturbing.
62782,1990-07-05 17:00:00,4/12/2013,1990,7,17,Summer,USA,United States,Michigan,Sawyer,41.8852778,-86.5894444,Disk,180.0,3 minutes,Alien Tests Soil.
62912,2008-07-05 04:41:00,8/12/2008,2008,7,4,Summer,USA,United States,Michigan,Oakland County,42.7919444,-83.6277778,Other,10.0,8-10 seconds,Strange Grey Chupacabra Creature Spotted in Holly Michigan
63371,1985-07-07 23:30:00,6/18/2003,1985,7,23,Summer,USA,United States,California,South Wawona,37.542448,-119.64454,Egg,7200.0,2 hours,Close Encounter With Aliens and a UFO
63393,1997-07-07 23:00:00,1/31/2011,1997,7,23,Summer,USA,United States,Michigan,Coopersville,43.0638889,-85.9347222,Unknown,64800.0,18 hrs,Fireball impact &#44 intelligent colorful lights&#44 orbs&#44 invisible crafts &#44 mind-control&#44 odd animal behavior&#44 alien body
63567,2009-07-07 21:30:00,12/12/2009,2009,7,21,Summer,USA,United States,Wisconsin,Milwaukee,43.0388889,-87.9063889,Other,300.0,5 minutes,Seen Three aliens three different times outside my window within 2 weeks
63896,1995-07-09 23:00:00,11/2/1999,1995,7,23,Summer,USA,United States,Missouri,Versailles,38.4313889,-92.8408333,,18000.0,5 hrs.,Multiple witnesses observe huge triangular ship&#44 surrounded by four disc-shaped ships&#44 w/ up to 50 bizarre creatures underneath&#33
63897,1995-07-09 23:00:00,11/2/1999,1995,7,23,Summer,USA,United States,Missouri,Versailles,38.4313889,-92.8408333,,18000.0,5 hrs.,USAF officer relays report re 5 bizarre ships seen hovering over field w/ strange creatures underneath.
64110,1962-08-10 15:00:00,4/16/2005,1962,8,15,Summer,USA,United States,Kansas,Wellington,37.2652778,-97.3713889,Unknown,2400.0,30-40 min.,An early 1960&#39s encounter with  possible alien occupants  near Wellington&#44 Ks
64347,2010-08-10 00:00:00,3/10/2011,2010,8,0,Summer,USA,United States,New York,Minoa,43.0761111,-76.0011111,Other,20.0,20 seconds,unidentified flaming creature falling from the sky in Minoa&#44 NY.
64802,1972-08-01 15:00:00,3/18/2014,1972,8,15,Summer,USA,United States,Arizona,Phoenix,33.4483333,-112.0733333,Disk,60.0,1:00,Saucer and tall alien who appeared in human form
64843,1978-08-01 22:00:00,9/19/2002,1978,8,22,Summer,USA,United States,Tennessee,Clarksville,36.5297222,-87.3594444,Circle,14400.0,4 hours,A sighting of a craft and alien abduction experience
64956,1998-08-01 03:00:00,8/5/2009,1998,8,3,Summer,USA,United States,Illinois,Chicago,41.85,-87.65,Light,120.0,2 minutes,Alien healing. 500 Lights On Object0: Yes
65287,1999-08-12 22:00:00,11/21/2010,1999,8,22,Summer,USA,United States,Wisconsin,Milwaukee,43.0388889,-87.9063889,Teardrop,600.0,10 minutes,Large top shaped UFO over Lake Michigan leaves 3 witnesses with  possible coverup or were cops really aliens ?
66000,2008-08-14 12:03:00,12/12/2009,2008,8,12,Summer,USA,United States,New Mexico,Torrance County,34.51994,-105.87009,Unknown,35.0,35 seconds,Whitesh Grey creature in southern new mexico&#44  ON I-10 Just east of a  a rest  stop
66193,1969-08-15 19:00:00,1/10/2009,1969,8,19,Summer,USA,United States,California,El Cajon,32.7947222,-116.9616667,Other,7.0,5-7 seconds,A creature crossed my path and ordered me not to hurt it&#44 as I was driving at the time.
66348,1988-08-15 14:00:00,5/11/2005,1988,8,14,Summer,USA,United States,New York,Walker Valley,41.6336111,-74.3783333,,3600.0,1 hour,Strange creatures in the woods near UFO hot spots
66412,1995-08-15 21:05:00,10/12/2001,1995,8,21,Summer,USA,United States,Michigan,Grand Haven,43.0630556,-86.2283333,Unknown,7200.0,1-2 hrs.,The little creatures&#44 flashing lights&#44 and test.
66886,1991-08-16 01:00:00,6/18/2004,1991,8,1,Summer,USA,United States,Arizona,Gila County,34.048928,-111.093731,Other,20.0,20 seconds,the alien stood there in a form I could be comfortable with while looking at him.
67373,1998-08-18 20:30:00,11/1/1998,1998,8,20,Summer,USA,United States,Nevada,Dayton,39.2372222,-119.5919444,Egg,900.0,15 min,In the evening playing with my daughter&#44 back door blinds were open. My daughter SCREAMED &#39LOOK DADDY LOOK&#44 ALIENS&#39(She&#39s only 3 1/2.)
67529,2012-08-18 12:43:00,9/24/2012,2012,8,12,Summer,USA,United States,Arizona,Tempe,33.4147222,-111.9086111,Diamond,180.0,3 minutes,Photos of an unknown creature resembling both an amphibian and an armadillo who is seen holding a wand in his left hand at the end of w
67619,1996-08-19 22:30:00,8/16/2002,1996,8,22,Summer,USA,United States,South Dakota,Spencer,43.7275,-97.5927778,Unknown,1320.0,22 minutes,Alien crafts-Eastern South Dakota- late summer early fall 1996
68094,2006-08-20 23:00:00,3/19/2009,2006,8,23,Summer,USA,United States,New York,Hamlin,43.3030556,-77.9213889,Unknown,10.0,5-10 seconds,alien Being sighted in Hamlin&#44 NY
68690,2013-08-02 01:00:00,9/30/2013,2013,8,1,Summer,USA,United States,Virginia,Roanoke,37.2708333,-79.9416667,Other,120.0,2 minutes,Short 3 foot alien seen near creek in Roanoke&#44 VA.
68962,1996-08-23 01:00:00,7/26/2002,1996,8,1,Summer,CAN,Canada,Ontario,North Middlesex,43.128739,-81.483506,Unknown,219300.0,several months,Alien abduction and several visitations
69174,1970-08-24 23:50:00,12/12/2009,1970,8,23,Summer,USA,United States,New Jersey,Toms River,39.9536111,-74.1983333,Sphere,600.0,ten minutes,Sphere hovered over neighbors house; possible entity sighting. 500 Lights On Object0: Yes
69214,2002-08-24 12:00:00,8/28/2002,2002,8,12,Summer,USA,United States,Tennessee,Sparta,35.9258333,-85.4641667,Circle,180.0,3 minutes,Message: beauty of the flesh creates power  this is aliens addiction and our mystery&#44 why we are alone.
70121,2013-08-27 22:50:00,8/30/2013,2013,8,22,Summer,USA,United States,New Jersey,Somerset,40.4975,-74.4888889,Other,2.0,few seconds,((HOAX??)) Alien spotted.
70208,2003-08-28 23:00:00,9/28/2003,2003,8,23,Summer,CAN,Canada,Manitoba,Lake Francis,50.413532,-97.940939,Unknown,120.0,several minutes,HBCCUFO CANADIAN REPORT:  St. Laurent&#44 Manitoba&#44 Lights And Creature.
71200,2010-08-03 18:00:00,8/24/2010,2010,8,18,Summer,USA,United States,Missouri,Osage Beach,38.1502778,-92.6177778,Fireball,2700.0,45 minutes,Very UNUSUAL lens reflection&#44 atmospheric conditions or alien ball of light/fire
71335,2002-08-04 05:30:00,2/14/2006,2002,8,5,Summer,USA,United States,Pennsylvania,Northumberland,40.8916667,-76.7977778,Disk,1200.0,20 min.,I will be as brief as possible&#44A man named Todd Sees&#44 was abducted and murdered by aliens on Montour Ridge &#44in Northumberland County&#44 n
72880,2005-09-10 12:00:00,10/11/2005,2005,9,12,Autumn,THA,Thailand,Lampang Province,Ban Tor,18.141982,99.428349,Unknown,120.0,several minutes,Several people in Mae Chang (Chiang Mai&#44 Northern Thailand) witnessed a strange creature.
73380,1986-09-01 20:00:00,8/21/2011,1986,9,20,Autumn,USA,United States,Virginia,Virginia Beach,36.8527778,-75.9783333,Unknown,300.0,5 min,Two creatures or aliens in Bay Colony&#44 no UFO.
73413,1994-09-01 11:00:00,7/3/2013,1994,9,11,Autumn,USA,United States,Oregon,Grants Pass,42.4391667,-123.3272222,Changing,43200.0,12 hours,Thought of as a Dream for 20 Years&#44 Recent Information Convinced me that Iv been Abducted by Aliens.
73566,2004-09-01 02:30:00,10/30/2006,2004,9,2,Autumn,USA,United States,New York,New York,40.7141667,-74.0063889,,120.0,2 mins,bluish light and alien encounter
73630,2007-09-01 19:00:00,10/8/2007,2007,9,19,Autumn,USA,United States,Wisconsin,Oconomowoc,43.111673,-88.499266,Disk,60.0,first 1 mintue and second,Two Alien Space Crafts over Dodgeville and Oconomowoc
73631,2007-09-01 19:00:00,11/28/2007,2007,9,19,Autumn,USA,United States,Texas,Mesquite,32.7666667,-96.5988889,Other,60.0,60 seconds,Alien face observes man from behind in his house.
74703,1997-09-15 20:00:00,7/28/2010,1997,9,20,Autumn,USA,United States,Washington,Bellevue,47.6105556,-122.1994444,,3600.0,1 hour,Phone call from a purported alien living on earth willing to share his views re: himself and our civ..  ((NUFORC Note:  See Note.  PD))
74753,2000-09-15 02:00:00,12/12/2013,2000,9,2,Autumn,USA,United States,Oklahoma,Duncan,34.5022222,-97.9575,Other,5.0,5 seconds,Close encounter of the third kind - small blue &#39gray&#39 type alien.
75017,2013-09-15 02:00:00,3/18/2014,2013,9,2,Autumn,NOR,Norway,Viken,Kirkebygden,59.494638,10.839743,,15.0,15 seconds,Unidentified entity/being&#44 walking on a small island; disappears.
75544,2005-09-18 21:30:00,10/11/2005,2005,9,21,Autumn,USA,United States,New Jersey,Collings Lakes,39.5955556,-74.8819444,Other,20.0,20 seconds,not a UFO&#44 but what I believe to be an actual alien in my wooded backyard.
76120,2005-09-20 03:00:00,10/11/2005,2005,9,3,Autumn,AUS,Australia,New South Wales,Ulladulla,-35.359058,150.472473,Fireball,600.0,10 minutes,((NUFORC Note:  Hoax.  Note date indicated by source.  PD))  Theres alien&#39s in the woods near my house.
76436,2010-09-21 02:00:00,11/21/2010,2010,9,2,Autumn,USA,United States,Missouri,Butler,38.2538,-94.3356,Unknown,300.0,5 minute,Alien like figures seen near and on buildings of our town square along with many yellow lights overhead.
76597,2002-09-02 00:00:00,9/2/2005,2002,9,0,Autumn,USA,United States,Illinois,Chicago,41.85,-87.65,,600.0,ten minutes,UFO observation and alien visit
76703,2009-09-02 20:00:00,12/12/2009,2009,9,20,Autumn,USA,United States,Missouri,Butler,38.2538,-94.3356,Unknown,7200.0,2 hours,Was it an Alien?
77228,2008-09-23 16:12:00,10/31/2008,2008,9,16,Autumn,CAN,Canada,British Columbia,Quesnel,52.983333,-122.483333,Circle,300.0,5 min,BRIGHT GREEN ENTITY SEEN IN SKY OVER QUESNEL AT 16:12 09/23/2008.
77290,2012-09-23 21:00:00,10/30/2012,2012,9,21,Autumn,USA,United States,Oklahoma,Owasso,36.2694444,-95.8544444,Cross,120.0,1-2 minutes,Before last night&#44 I always shook my head and thought everyone who told a UfO/alien story was silly and ridiculous.
77329,1995-09-24 20:00:00,1/19/2005,1995,9,20,Autumn,USA,United States,Florida,Kissimmee,28.2916667,-81.4077778,Disk,600.0,10 min,green glowing disk with lizard like creatures.
78777,2010-09-30 21:00:00,11/21/2010,2010,9,21,Autumn,USA,United States,Tennessee,Nashville,36.163287,-86.782412,Disk,15.0,15 seconds,U.F.O caught on Camera - Alien or man made..this thing was incredible.
78792,2011-09-30 20:30:00,10/10/2011,2011,9,20,Autumn,USA,United States,New Jersey,Townsends Inlet,39.1533333,-74.6933333,Unknown,300.0,5 minutes,Single Flame like entity  traveling north easterly  viewd by one individual.
78916,2005-09-03 23:00:00,11/21/2010,2005,9,23,Autumn,USA,United States,Wisconsin,Pelican Lake,45.4994444,-89.1666667,Oval,10800.0,3 hours,Three-Hour UFO Sighting Accompanied By:  A Beam Of Light - A Nosey Helicopter - And A Creature&#44
79912,2002-09-08 03:20:00,9/13/2002,2002,9,3,Autumn,USA,United States,New York,Accord,41.7855556,-74.2294444,Light,120.0,2 minutes,3 bright UFO over ulster county-Aliens at the Art Farm
